NumberCreated, TotalCreationTime, TotalRSS
10, 0.001193, 1436
10, 0.000790, 1516
10, 0.000828, 1516
10, 0.000556, 1476
10, 0.000602, 1536
10, 0.000484, 1576
10, 0.001184, 1532
10, 0.001495, 1488
10, 0.000853, 1532
10, 0.001130, 1428
10, 0.000964, 1516
10, 0.001013, 1460
10, 0.000319, 1536
10, 0.000850, 1468
10, 0.001003, 1428
10, 0.000688, 1436
10, 0.000347, 1428
10, 0.000811, 1536
10, 0.000684, 1508
10, 0.000655, 1508
10, 0.000749, 1468
10, 0.000848, 1468
10, 0.000849, 1532
