NumberCreated, TotalCreationTime, TotalRSS
10, 0.000185, 824
10, 0.000787, 820
10, 0.000575, 824
10, 0.000477, 892
10, 0.000534, 936
10, 0.000223, 824
10, 0.000838, 820
10, 0.000422, 788
10, 0.000327, 892
10, 0.000725, 888
10, 0.000598, 876
10, 0.000222, 824
10, 0.000580, 824
10, 0.000178, 780
10, 0.000633, 892
10, 0.000487, 840
10, 0.000592, 796
10, 0.000429, 876
10, 0.000405, 816
10, 0.000592, 800
10, 0.000592, 828
10, 0.000633, 820
10, 0.000216, 832
10, 0.000397, 